date,open,high,low,close
01/01/2020,0.67745,0.67798,0.67745,0.6778
01/01/2020,0.67774,0.67954,0.67664,0.67905
02/01/2020,0.67906,0.67966,0.6785,0.67927
02/01/2020,0.67927,0.67942,0.67774,0.67844
02/01/2020,0.67844,0.67922,0.67755,0.67887
02/01/2020,0.67888,0.67944,0.67799,0.67939
02/01/2020,0.67939,0.6794,0.67839,0.67901
02/01/2020,0.67903,0.67912,0.67646,0.67654
03/01/2020,0.67653,0.67692,0.67498,0.67566
03/01/2020,0.67566,0.67653,0.6746,0.67528
03/01/2020,0.67523,0.67655,0.67462,0.67578
03/01/2020,0.67576,0.6766,0.67495,0.67596
03/01/2020,0.67595,0.67653,0.67517,0.67543
05/01/2020,0.67379,0.67574,0.67324,0.674
06/01/2020,0.67399,0.6747,0.67372,0.67377
06/01/2020,0.67377,0.67523,0.67322,0.67392
06/01/2020,0.67392,0.6743,0.67276,0.6733
06/01/2020,0.67328,0.67342,0.6709,0.67147
06/01/2020,0.67144,0.67235,0.67138,0.67169
06/01/2020,0.67164,0.67214,0.6711,0.67162
07/01/2020,0.67162,0.67248,0.67009,0.67016
07/01/2020,0.67016,0.67115,0.66821,0.66923
07/01/2020,0.66923,0.66941,0.66674,0.667
07/01/2020,0.66701,0.66836,0.6659,0.66664
07/01/2020,0.66663,0.66714,0.66552,0.66649
07/01/2020,0.66617,0.6669,0.66215,0.66512
08/01/2020,0.66512,0.66768,0.66507,0.66649
08/01/2020,0.66651,0.66834,0.66646,0.66754
08/01/2020,0.66753,0.66819,0.66572,0.66623
08/01/2020,0.66623,0.66955,0.66417,0.66922
08/01/2020,0.66921,0.6695,0.66799,0.66859
08/01/2020,0.66851,0.66999,0.66812,0.66952
09/01/2020,0.66952,0.66978,0.66885,0.66956
09/01/2020,0.66956,0.67011,0.66773,0.66808
09/01/2020,0.66806,0.6686,0.66676,0.66719
09/01/2020,0.6672,0.66749,0.66588,0.66643
09/01/2020,0.66644,0.66755,0.66609,0.66743
09/01/2020,0.66727,0.66884,0.66665,0.66734
10/01/2020,0.66736,0.66938,0.66719,0.66918
10/01/2020,0.66917,0.6703,0.66872,0.67019
10/01/2020,0.67019,0.67184,0.66996,0.67115
10/01/2020,0.67115,0.67223,0.67048,0.67164
10/01/2020,0.67163,0.67235,0.67106,0.67123
12/01/2020,0.67098,0.673,0.67051,0.67273
13/01/2020,0.67271,0.67312,0.67233,0.67295
13/01/2020,0.67295,0.67345,0.67161,0.67175
13/01/2020,0.67175,0.67175,0.67046,0.67125
13/01/2020,0.67124,0.67129,0.66961,0.67045
13/01/2020,0.67044,0.67084,0.67009,0.67018
13/01/2020,0.67005,0.67053,0.66868,0.66902
14/01/2020,0.66904,0.67059,0.66876,0.6697
14/01/2020,0.66971,0.67052,0.66753,0.66907
14/01/2020,0.6691,0.66948,0.66708,0.66941
14/01/2020,0.6694,0.67018,0.66782,0.66836
14/01/2020,0.66835,0.6684,0.66676,0.66763
14/01/2020,0.66735,0.6678,0.66655,0.66718
15/01/2020,0.66721,0.66744,0.66669,0.66721
15/01/2020,0.66721,0.66765,0.66505,0.66553
15/01/2020,0.66552,0.66585,0.66321,0.66357
15/01/2020,0.66356,0.6664,0.66356,0.66577
15/01/2020,0.66576,0.66602,0.66476,0.66575
15/01/2020,0.66555,0.66683,0.66515,0.66635
16/01/2020,0.66636,0.66649,0.66563,0.66613
16/01/2020,0.66613,0.66656,0.66516,0.66646
16/01/2020,0.66645,0.66726,0.66592,0.6671
16/01/2020,0.6671,0.66771,0.66452,0.66501
16/01/2020,0.66502,0.66582,0.66461,0.66554
16/01/2020,0.66562,0.66573,0.66422,0.66519
17/01/2020,0.66539,0.666,0.66518,0.66568
17/01/2020,0.66567,0.66731,0.66549,0.66697
17/01/2020,0.66699,0.6674,0.66571,0.66726
17/01/2020,0.66729,0.66737,0.66531,0.66579
17/01/2020,0.6658,0.66606,0.6648,0.66526
19/01/2020,0.66503,0.66641,0.66491,0.66603
20/01/2020,0.66602,0.66671,0.66576,0.6667
20/01/2020,0.66671,0.66696,0.66508,0.66514
20/01/2020,0.66514,0.66546,0.66437,0.66475
20/01/2020,0.66475,0.6659,0.66435,0.66577
20/01/2020,0.66577,0.66581,0.66507,0.66538
20/01/2020,0.66526,0.6664,0.66361,0.66392
21/01/2020,0.66391,0.66459,0.66308,0.66397
21/01/2020,0.66397,0.66463,0.66241,0.66364
21/01/2020,0.66365,0.66473,0.66302,0.664
21/01/2020,0.66401,0.6646,0.66309,0.66342
21/01/2020,0.66341,0.6637,0.66233,0.66303
21/01/2020,0.66299,0.66346,0.66183,0.66234
22/01/2020,0.66235,0.66397,0.66232,0.66349
22/01/2020,0.6635,0.66537,0.66298,0.66476
22/01/2020,0.66475,0.66543,0.66391,0.66408
22/01/2020,0.66407,0.66439,0.6624,0.66271
22/01/2020,0.6627,0.66287,0.66222,0.66243
22/01/2020,0.66233,0.66553,0.66143,0.66506
23/01/2020,0.66505,0.66588,0.66394,0.66436
23/01/2020,0.66437,0.66599,0.66384,0.6657
23/01/2020,0.6657,0.66594,0.66409,0.66409
23/01/2020,0.66409,0.66478,0.66226,0.66283
23/01/2020,0.66282,0.66365,0.66273,0.66363
23/01/2020,0.66325,0.66435,0.66258,0.66342
24/01/2020,0.66342,0.66435,0.66321,0.66409
24/01/2020,0.66407,0.66503,0.66353,0.6638
24/01/2020,0.66379,0.66499,0.66339,0.6637
24/01/2020,0.66368,0.66408,0.66198,0.66237
24/01/2020,0.66238,0.66299,0.66145,0.66273
26/01/2020,0.66091,0.6616,0.6595,0.66081
27/01/2020,0.66081,0.66119,0.65996,0.66068
27/01/2020,0.66067,0.66067,0.65706,0.65742
27/01/2020,0.65743,0.65762,0.65581,0.65613
27/01/2020,0.65615,0.6566,0.65481,0.65591
27/01/2020,0.6559,0.65632,0.65508,0.65544
27/01/2020,0.65535,0.65592,0.65436,0.65521
28/01/2020,0.65522,0.65653,0.65471,0.6564
28/01/2020,0.6564,0.65646,0.6523,0.65365
28/01/2020,0.65364,0.65752,0.65309,0.65718
28/01/2020,0.65718,0.65792,0.65593,0.65691
28/01/2020,0.6569,0.65811,0.65673,0.65797
28/01/2020,0.65794,0.65931,0.65714,0.65872
29/01/2020,0.65872,0.66027,0.65857,0.65935
29/01/2020,0.65934,0.65945,0.65738,0.65826
29/01/2020,0.65825,0.65862,0.65739,0.65835
29/01/2020,0.65836,0.65892,0.65655,0.65769
29/01/2020,0.65768,0.65809,0.65709,0.65725
29/01/2020,0.65711,0.65743,0.65536,0.6561
30/01/2020,0.65609,0.65622,0.65434,0.6549
30/01/2020,0.6549,0.65538,0.65239,0.65339
30/01/2020,0.65339,0.65417,0.65088,0.65138
30/01/2020,0.65138,0.65158,0.64874,0.64941
30/01/2020,0.64942,0.6521,0.64936,0.65153
30/01/2020,0.65163,0.65286,0.65007,0.65118
31/01/2020,0.65119,0.65263,0.65096,0.65243
31/01/2020,0.65242,0.65242,0.64817,0.64893
31/01/2020,0.64894,0.64915,0.6476,0.64791
31/01/2020,0.64792,0.64821,0.64478,0.64554
31/01/2020,0.64553,0.6457,0.64394,0.64431
02/02/2020,0.64403,0.64679,0.64372,0.64607
03/02/2020,0.64606,0.64621,0.64418,0.64565
03/02/2020,0.64565,0.64747,0.64454,0.64573
03/02/2020,0.64573,0.64648,0.64504,0.64558
03/02/2020,0.6456,0.64819,0.64496,0.64609
03/02/2020,0.64611,0.64662,0.64577,0.64654
03/02/2020,0.64628,0.64731,0.64501,0.64712
04/02/2020,0.64706,0.65044,0.64598,0.64954
04/02/2020,0.64952,0.65251,0.64948,0.64977
04/02/2020,0.64978,0.65177,0.64898,0.65152
04/02/2020,0.65151,0.65343,0.65133,0.65316
04/02/2020,0.65317,0.6535,0.65276,0.65317
04/02/2020,0.65313,0.65392,0.65154,0.6539
05/02/2020,0.65391,0.65396,0.65257,0.65278
05/02/2020,0.65277,0.65856,0.65241,0.65856
05/02/2020,0.65854,0.65899,0.65599,0.65875
05/02/2020,0.65875,0.65897,0.6556,0.65646
05/02/2020,0.65645,0.65699,0.65631,0.65674
05/02/2020,0.65674,0.65867,0.65663,0.65736
06/02/2020,0.65736,0.65907,0.65707,0.65828
06/02/2020,0.65829,0.6588,0.6562,0.65705
06/02/2020,0.65708,0.65867,0.65644,0.658
06/02/2020,0.65801,0.65838,0.65633,0.65707
06/02/2020,0.65706,0.65739,0.65577,0.65612
06/02/2020,0.65586,0.65656,0.65396,0.65445
07/02/2020,0.65444,0.65514,0.65381,0.65463
07/02/2020,0.65465,0.65565,0.65221,0.65222
07/02/2020,0.65221,0.65315,0.65102,0.65169
07/02/2020,0.65168,0.65316,0.64972,0.65273
07/02/2020,0.65272,0.65312,0.65194,0.65194
09/02/2020,0.65135,0.65398,0.65098,0.65369
10/02/2020,0.65368,0.65583,0.65349,0.65499
10/02/2020,0.65498,0.65585,0.65342,0.65432
10/02/2020,0.65431,0.65503,0.65318,0.65357
10/02/2020,0.65358,0.65394,0.652,0.65231
10/02/2020,0.65232,0.65361,0.65197,0.65358
10/02/2020,0.65323,0.6558,0.65297,0.65523
11/02/2020,0.65524,0.65711,0.65492,0.65709
11/02/2020,0.6571,0.65756,0.6548,0.65541
11/02/2020,0.65542,0.65671,0.65489,0.65669
11/02/2020,0.65669,0.65852,0.65455,0.6548
11/02/2020,0.65478,0.65527,0.65428,0.65518
11/02/2020,0.6551,0.65699,0.65467,0.65637
12/02/2020,0.65636,0.65695,0.65613,0.65641
12/02/2020,0.6564,0.65862,0.65602,0.65673
12/02/2020,0.65673,0.65819,0.65644,0.65768
12/02/2020,0.65768,0.65924,0.65755,0.65901
12/02/2020,0.659,0.6593,0.65866,0.65908
12/02/2020,0.65888,0.65906,0.65573,0.65798
13/02/2020,0.65798,0.65819,0.65647,0.6569
13/02/2020,0.65689,0.65813,0.65593,0.65679
13/02/2020,0.65678,0.65962,0.65611,0.65924
13/02/2020,0.65923,0.6601,0.6579,0.65794
13/02/2020,0.65793,0.65852,0.65764,0.65815
13/02/2020,0.65779,0.65898,0.65703,0.65873
14/02/2020,0.65873,0.65977,0.65819,0.65848
14/02/2020,0.65847,0.65986,0.65813,0.65954
14/02/2020,0.65954,0.65975,0.65846,0.65914
14/02/2020,0.65914,0.65977,0.65831,0.6589
14/02/2020,0.65889,0.65945,0.65815,0.65926
16/02/2020,0.65972,0.66064,0.65915,0.66057
17/02/2020,0.66056,0.66138,0.66033,0.66114
17/02/2020,0.66114,0.66119,0.65969,0.66032
17/02/2020,0.66031,0.6605,0.65931,0.6595
17/02/2020,0.6595,0.65992,0.65876,0.65915
17/02/2020,0.65916,0.65927,0.65826,0.65841
17/02/2020,0.65838,0.65852,0.65621,0.65649
18/02/2020,0.65648,0.65656,0.65554,0.65599
18/02/2020,0.65598,0.65617,0.65418,0.65487
18/02/2020,0.65486,0.65668,0.65468,0.65661
18/02/2020,0.65662,0.65823,0.6562,0.65713
18/02/2020,0.65711,0.65764,0.65665,0.65764
18/02/2020,0.6573,0.65842,0.6568,0.65719
19/02/2020,0.6572,0.65889,0.6572,0.65815
19/02/2020,0.65815,0.65964,0.65784,0.65899
19/02/2020,0.65898,0.65903,0.65684,0.65709
19/02/2020,0.65711,0.65738,0.65594,0.65639
19/02/2020,0.6564,0.65707,0.65634,0.65705
19/02/2020,0.65671,0.658,0.65291,0.65344
20/02/2020,0.65344,0.65449,0.65189,0.65423
20/02/2020,0.65424,0.65469,0.65062,0.65221
20/02/2020,0.65221,0.65246,0.65021,0.6506
20/02/2020,0.6506,0.65153,0.64972,0.65081
20/02/2020,0.65081,0.65139,0.6506,0.65078
20/02/2020,0.65112,0.65173,0.65008,0.65016
21/02/2020,0.65017,0.65019,0.6483,0.6488
21/02/2020,0.64881,0.64915,0.6467,0.64707
21/02/2020,0.64708,0.6489,0.64707,0.64828
21/02/2020,0.64829,0.64936,0.64651,0.64843
21/02/2020,0.64841,0.64855,0.64779,0.64827
23/02/2020,0.64564,0.64797,0.64546,0.64761
24/02/2020,0.64763,0.6482,0.64678,0.64702
24/02/2020,0.64701,0.64741,0.64546,0.6468
24/02/2020,0.64682,0.64761,0.64591,0.64611
24/02/2020,0.64611,0.64721,0.64528,0.64649
24/02/2020,0.64648,0.64667,0.64574,0.64656
24/02/2020,0.64634,0.64865,0.64596,0.64761
25/02/2020,0.64762,0.64818,0.64702,0.64752
25/02/2020,0.64758,0.64864,0.64458,0.6448
25/02/2020,0.64479,0.64617,0.64398,0.64403
25/02/2020,0.64403,0.64525,0.64371,0.64408
25/02/2020,0.64407,0.64468,0.6435,0.64432
25/02/2020,0.6444,0.64481,0.64272,0.6434
26/02/2020,0.6434,0.64589,0.64331,0.64349
26/02/2020,0.6435,0.6435,0.6394,0.64057
26/02/2020,0.64058,0.64172,0.63996,0.64076
26/02/2020,0.64076,0.6428,0.63936,0.64042
26/02/2020,0.64042,0.64084,0.63908,0.63921
26/02/2020,0.63917,0.63992,0.63786,0.63829
27/02/2020,0.63829,0.6392,0.6376,0.63801
27/02/2020,0.638,0.63977,0.63715,0.63879
27/02/2020,0.63878,0.63989,0.63687,0.63698
27/02/2020,0.63699,0.64001,0.63644,0.63942
27/02/2020,0.63941,0.63995,0.63553,0.6356
27/02/2020,0.63554,0.63791,0.6351,0.63561
28/02/2020,0.63561,0.63637,0.63023,0.63106
28/02/2020,0.63105,0.63224,0.62761,0.62902
28/02/2020,0.62901,0.63007,0.62712,0.62778
28/02/2020,0.62777,0.63004,0.62275,0.62846
28/02/2020,0.62846,0.63038,0.62708,0.62823
01/03/2020,0.62367,0.62942,0.62355,0.62775
02/03/2020,0.62776,0.63136,0.62732,0.62913
02/03/2020,0.62912,0.63399,0.62899,0.62993
02/03/2020,0.62992,0.63065,0.62432,0.62603
02/03/2020,0.62603,0.62688,0.62394,0.62486
02/03/2020,0.62487,0.6281,0.62435,0.62734
02/03/2020,0.62571,0.62762,0.6235,0.624
03/03/2020,0.62401,0.6291,0.62369,0.62674
03/03/2020,0.62671,0.62892,0.62622,0.62806
03/03/2020,0.62806,0.62995,0.6276,0.62904
03/03/2020,0.62904,0.6343,0.62885,0.63313
03/03/2020,0.63312,0.63328,0.62927,0.62962
03/03/2020,0.62933,0.63287,0.62823,0.6306
04/03/2020,0.63061,0.63281,0.63061,0.63138
04/03/2020,0.63138,0.63357,0.63006,0.63097
04/03/2020,0.63095,0.63476,0.63063,0.63291
04/03/2020,0.63292,0.63395,0.63118,0.63208
04/03/2020,0.63209,0.63429,0.632,0.63423
04/03/2020,0.63386,0.63426,0.6318,0.63243
05/03/2020,0.63244,0.63403,0.63199,0.63383
05/03/2020,0.63382,0.63465,0.63186,0.63204
05/03/2020,0.63203,0.63246,0.62806,0.62848
05/03/2020,0.62843,0.62852,0.62414,0.62474
05/03/2020,0.62472,0.62586,0.62442,0.62502
05/03/2020,0.62525,0.6268,0.62361,0.62367
06/03/2020,0.62365,0.62381,0.62198,0.62316
06/03/2020,0.62316,0.62678,0.62283,0.6231
06/03/2020,0.62309,0.62323,0.61884,0.61988
06/03/2020,0.61989,0.62217,0.61846,0.62196
06/03/2020,0.62195,0.62325,0.61994,0.62071
08/03/2020,0.61563,0.61744,0.61238,0.61522
09/03/2020,0.61528,0.6158,0.57875,0.60441
09/03/2020,0.60433,0.61184,0.60246,0.61131
09/03/2020,0.6113,0.61562,0.60941,0.61307
09/03/2020,0.61304,0.61979,0.60762,0.61254
09/03/2020,0.61252,0.61345,0.60776,0.60934
09/03/2020,0.60884,0.61341,0.60824,0.61268
10/03/2020,0.61268,0.61536,0.60878,0.61371
10/03/2020,0.61372,0.61473,0.6093,0.61257
10/03/2020,0.61258,0.6139,0.60941,0.60953
10/03/2020,0.60953,0.61157,0.60345,0.60551
10/03/2020,0.60552,0.61214,0.60497,0.61196
10/03/2020,0.61078,0.61117,0.60751,0.60796
11/03/2020,0.60794,0.61067,0.60794,0.60886
11/03/2020,0.60885,0.61169,0.60582,0.61097
11/03/2020,0.61097,0.61197,0.60803,0.60828
11/03/2020,0.60827,0.6127,0.60789,0.61181
11/03/2020,0.61179,0.61244,0.60791,0.60827
11/03/2020,0.60855,0.60966,0.60669,0.60718
12/03/2020,0.60719,0.60752,0.6017,0.60406
12/03/2020,0.60405,0.6049,0.60105,0.6026
12/03/2020,0.60259,0.60338,0.59518,0.59773
12/03/2020,0.59773,0.60328,0.59473,0.60255
12/03/2020,0.60262,0.60529,0.58713,0.58847
12/03/2020,0.58858,0.59691,0.58828,0.5948
13/03/2020,0.59482,0.59758,0.59236,0.59464
13/03/2020,0.59464,0.59636,0.59222,0.5935
13/03/2020,0.59348,0.60162,0.59309,0.59986
13/03/2020,0.59985,0.60043,0.58502,0.58711
13/03/2020,0.58718,0.59454,0.58392,0.58822
15/03/2020,0.58864,0.58902,0.57741,0.58508
16/03/2020,0.58506,0.58717,0.57952,0.58591
16/03/2020,0.58591,0.58651,0.57996,0.58058
16/03/2020,0.58056,0.58412,0.57631,0.5774
16/03/2020,0.57739,0.58434,0.57536,0.58126
16/03/2020,0.58126,0.58243,0.57656,0.57895
16/03/2020,0.57865,0.58022,0.57539,0.5797
17/03/2020,0.5797,0.58389,0.57865,0.58012
17/03/2020,0.58011,0.58044,0.57541,0.57771
17/03/2020,0.57773,0.57839,0.57298,0.57704
17/03/2020,0.57702,0.57968,0.57444,0.57521
17/03/2020,0.57521,0.57742,0.57347,0.57648
17/03/2020,0.57653,0.57901,0.57403,0.5762
18/03/2020,0.5762,0.57747,0.57516,0.57658
18/03/2020,0.57658,0.57759,0.57005,0.57014
18/03/2020,0.57016,0.57161,0.56661,0.56879
18/03/2020,0.56878,0.5705,0.56325,0.56365
18/03/2020,0.56366,0.56366,0.55571,0.55832
18/03/2020,0.55787,0.56259,0.55559,0.55575
19/03/2020,0.55574,0.5563,0.53419,0.53941
19/03/2020,0.5394,0.56075,0.53842,0.55597
19/03/2020,0.55594,0.56357,0.55402,0.56111
19/03/2020,0.56112,0.58413,0.56111,0.57788
19/03/2020,0.57788,0.57809,0.56554,0.56618
19/03/2020,0.56621,0.57361,0.5597,0.57161
20/03/2020,0.57161,0.57959,0.57003,0.57259
20/03/2020,0.5726,0.58561,0.57219,0.58131
20/03/2020,0.58127,0.58318,0.57629,0.57662
20/03/2020,0.57662,0.57976,0.5699,0.57417
20/03/2020,0.57416,0.57688,0.56736,0.56824
22/03/2020,0.57095,0.57318,0.56324,0.56434
23/03/2020,0.56443,0.56721,0.56175,0.56596
23/03/2020,0.56597,0.57199,0.56446,0.56766
23/03/2020,0.56766,0.57392,0.56516,0.57148
23/03/2020,0.57149,0.57244,0.56367,0.56868
23/03/2020,0.56868,0.5737,0.56726,0.57344
23/03/2020,0.57405,0.57865,0.57144,0.57835
24/03/2020,0.57834,0.58231,0.57784,0.57892
24/03/2020,0.57892,0.58356,0.57722,0.58016
24/03/2020,0.58015,0.58083,0.57282,0.57664
24/03/2020,0.57665,0.58538,0.57539,0.58151
24/03/2020,0.58151,0.58478,0.57913,0.58455
24/03/2020,0.58438,0.58753,0.58284,0.5852
25/03/2020,0.58517,0.58881,0.58438,0.58839
25/03/2020,0.5884,0.59489,0.58754,0.59415
25/03/2020,0.59415,0.59477,0.58786,0.589
25/03/2020,0.589,0.58991,0.58195,0.58351
25/03/2020,0.58354,0.58495,0.58115,0.58221
25/03/2020,0.58156,0.58201,0.57406,0.57475
26/03/2020,0.57477,0.57832,0.57272,0.57807
26/03/2020,0.57805,0.57984,0.57515,0.57935
26/03/2020,0.57939,0.58432,0.57889,0.58394
26/03/2020,0.58395,0.58671,0.58213,0.58403
26/03/2020,0.58405,0.58613,0.58145,0.58361
26/03/2020,0.58286,0.58511,0.58049,0.58261
27/03/2020,0.58254,0.5881,0.58143,0.58603
27/03/2020,0.58611,0.58812,0.58289,0.58438
27/03/2020,0.58439,0.5861,0.58055,0.58069
27/03/2020,0.58066,0.58819,0.58056,0.58791
27/03/2020,0.58793,0.59073,0.58452,0.58577
29/03/2020,0.58567,0.58887,0.58265,0.58597
30/03/2020,0.58597,0.58825,0.58419,0.58766
30/03/2020,0.58766,0.58938,0.58465,0.58775
30/03/2020,0.58775,0.58885,0.58552,0.58704
30/03/2020,0.58703,0.59232,0.58681,0.59182
30/03/2020,0.59182,0.59221,0.58981,0.59151
30/03/2020,0.5912,0.59427,0.5846,0.59077
31/03/2020,0.59088,0.59521,0.59061,0.59292
31/03/2020,0.59286,0.59634,0.59197,0.59257
31/03/2020,0.59257,0.59303,0.58735,0.58898
31/03/2020,0.58901,0.59379,0.58739,0.5893
31/03/2020,0.58928,0.59258,0.58753,0.58977
31/03/2020,0.58996,0.59154,0.58719,0.59007
01/04/2020,0.59006,0.59012,0.58798,0.58877
01/04/2020,0.58878,0.58902,0.58377,0.58599
01/04/2020,0.586,0.58738,0.58453,0.58472
01/04/2020,0.58473,0.59772,0.58404,0.58898
01/04/2020,0.58895,0.58909,0.58563,0.58627
01/04/2020,0.58537,0.58915,0.58453,0.58838
02/04/2020,0.58836,0.58982,0.58679,0.58825
02/04/2020,0.58826,0.59131,0.58762,0.5901
02/04/2020,0.59009,0.59089,0.58478,0.58531
02/04/2020,0.58531,0.58945,0.58353,0.58841
02/04/2020,0.58841,0.59074,0.58695,0.59002
02/04/2020,0.58931,0.59142,0.58873,0.58984
03/04/2020,0.58984,0.59135,0.5896,0.59135
03/04/2020,0.59134,0.59167,0.58761,0.58797
03/04/2020,0.58796,0.5881,0.58393,0.58708
03/04/2020,0.58709,0.58863,0.58637,0.58689
03/04/2020,0.58689,0.58724,0.58426,0.58468
05/04/2020,0.58614,0.59106,0.58335,0.58977
06/04/2020,0.58976,0.58997,0.58716,0.58769
06/04/2020,0.58771,0.59315,0.58744,0.59287
06/04/2020,0.59287,0.59529,0.59206,0.59495
06/04/2020,0.59496,0.59715,0.59398,0.59581
06/04/2020,0.59582,0.59632,0.59491,0.59562
06/04/2020,0.59547,0.59871,0.59425,0.597
07/04/2020,0.59705,0.60046,0.59634,0.59985
07/04/2020,0.59987,0.6029,0.59859,0.60005
07/04/2020,0.60006,0.60251,0.59977,0.60131
07/04/2020,0.6013,0.60201,0.59849,0.60177
07/04/2020,0.60178,0.60208,0.598,0.59819
07/04/2020,0.59785,0.59858,0.59453,0.59588
08/04/2020,0.59588,0.59722,0.59516,0.59608
08/04/2020,0.59607,0.59738,0.59555,0.5967
08/04/2020,0.59666,0.60097,0.59608,0.60029
08/04/2020,0.60029,0.60532,0.60006,0.6047
08/04/2020,0.60469,0.6061,0.60457,0.60566
08/04/2020,0.60509,0.6068,0.6046,0.60644
09/04/2020,0.60644,0.60648,0.60327,0.60514
09/04/2020,0.60517,0.60635,0.60274,0.60434
09/04/2020,0.6043,0.60873,0.60368,0.60802
09/04/2020,0.60803,0.61053,0.60795,0.60963
09/04/2020,0.60964,0.614,0.60952,0.61232
09/04/2020,0.61237,0.61262,0.61016,0.61095
10/04/2020,0.61096,0.61278,0.61057,0.61267
10/04/2020,0.61267,0.61492,0.6118,0.61284
10/04/2020,0.61284,0.61316,0.61152,0.61267
10/04/2020,0.61271,0.61277,0.61181,0.61218
10/04/2020,0.61218,0.61327,0.61217,0.61245
12/04/2020,0.61254,0.61349,0.61065,0.61207
13/04/2020,0.61208,0.61272,0.61135,0.61184
13/04/2020,0.61185,0.61319,0.61136,0.61297
13/04/2020,0.61299,0.61596,0.61268,0.61534
13/04/2020,0.61534,0.61784,0.61502,0.61701
13/04/2020,0.61702,0.61953,0.61692,0.61745
13/04/2020,0.61726,0.61914,0.61629,0.618
14/04/2020,0.61798,0.62068,0.6178,0.61951
14/04/2020,0.6195,0.62013,0.61664,0.61724
14/04/2020,0.61725,0.61737,0.61435,0.61562
14/04/2020,0.61562,0.61741,0.61456,0.61685
14/04/2020,0.61682,0.61908,0.61656,0.61863
14/04/2020,0.61805,0.61864,0.61693,0.61745
15/04/2020,0.61745,0.61756,0.61516,0.61553
15/04/2020,0.61551,0.61595,0.60985,0.61037
15/04/2020,0.61041,0.61145,0.60832,0.60999
15/04/2020,0.61002,0.61167,0.6087,0.61142
15/04/2020,0.61141,0.61157,0.60905,0.60939
15/04/2020,0.60934,0.61015,0.6076,0.6081
16/04/2020,0.60806,0.60984,0.60647,0.6075
16/04/2020,0.60752,0.6097,0.60674,0.60931
16/04/2020,0.60931,0.61095,0.60805,0.61028
16/04/2020,0.61025,0.61166,0.60922,0.60971
16/04/2020,0.60972,0.61376,0.6095,0.61361
16/04/2020,0.61289,0.61853,0.61273,0.61598
17/04/2020,0.61597,0.61765,0.61537,0.61622
17/04/2020,0.61622,0.61704,0.61362,0.61423
17/04/2020,0.61424,0.61651,0.61404,0.61629
17/04/2020,0.61628,0.61631,0.61283,0.61461
17/04/2020,0.6146,0.6164,0.61411,0.61503
19/04/2020,0.61496,0.61575,0.61337,0.61445
20/04/2020,0.61444,0.61559,0.61358,0.61506
20/04/2020,0.61506,0.61713,0.61457,0.61678
20/04/2020,0.61682,0.61771,0.61524,0.61627
20/04/2020,0.61626,0.61796,0.61578,0.61633
20/04/2020,0.61633,0.61654,0.6131,0.61323
20/04/2020,0.61323,0.61443,0.61185,0.61291
21/04/2020,0.61296,0.61297,0.61014,0.61166
21/04/2020,0.61164,0.6135,0.61048,0.61106
21/04/2020,0.61105,0.61149,0.60833,0.60853
21/04/2020,0.60853,0.6107,0.60726,0.60977
21/04/2020,0.60976,0.6112,0.60851,0.6088
21/04/2020,0.60844,0.61095,0.60792,0.61004
22/04/2020,0.61011,0.61586,0.60943,0.61087
22/04/2020,0.61085,0.61499,0.61085,0.61442
22/04/2020,0.61443,0.61507,0.61155,0.61262
22/04/2020,0.6126,0.61418,0.61137,0.61365
22/04/2020,0.61364,0.61513,0.61363,0.61407
22/04/2020,0.61384,0.61424,0.61131,0.61261
23/04/2020,0.61262,0.61404,0.6124,0.61384
23/04/2020,0.61386,0.61829,0.6137,0.61704
23/04/2020,0.61704,0.62205,0.61703,0.62104
23/04/2020,0.62102,0.6222,0.61992,0.62094
23/04/2020,0.62093,0.62357,0.6209,0.62163
23/04/2020,0.62139,0.6229,0.62065,0.62162
24/04/2020,0.62166,0.622,0.62042,0.62072
24/04/2020,0.62073,0.62328,0.61956,0.62143
24/04/2020,0.62142,0.62278,0.62086,0.6214
24/04/2020,0.62139,0.62213,0.62,0.62202
24/04/2020,0.62202,0.62277,0.62123,0.62201
26/04/2020,0.62055,0.62466,0.62054,0.62426
27/04/2020,0.62425,0.62763,0.62403,0.62738
27/04/2020,0.62737,0.62922,0.62668,0.62762
27/04/2020,0.62758,0.62913,0.62733,0.62886
27/04/2020,0.62887,0.63097,0.62881,0.63005
27/04/2020,0.63004,0.63086,0.62967,0.63045
27/04/2020,0.63038,0.63066,0.62885,0.62995
28/04/2020,0.62996,0.63019,0.62795,0.62881
28/04/2020,0.62878,0.6348,0.62872,0.63302
28/04/2020,0.63302,0.63377,0.63176,0.63244
28/04/2020,0.63241,0.63345,0.63122,0.63325
28/04/2020,0.63326,0.63418,0.63274,0.63282
28/04/2020,0.63269,0.63438,0.63197,0.63435
29/04/2020,0.63432,0.63584,0.63366,0.63522
29/04/2020,0.63522,0.63675,0.63412,0.63439
29/04/2020,0.63438,0.63589,0.63344,0.63527
29/04/2020,0.63527,0.63805,0.63388,0.63804
29/04/2020,0.63804,0.63863,0.63622,0.63838
29/04/2020,0.63829,0.63895,0.63702,0.63754
30/04/2020,0.63754,0.6398,0.63683,0.63968
30/04/2020,0.63968,0.64024,0.63515,0.63515
30/04/2020,0.63516,0.63652,0.63284,0.63332
30/04/2020,0.63335,0.63416,0.62934,0.63043
30/04/2020,0.63041,0.6306,0.62827,0.6288
30/04/2020,0.62828,0.62905,0.62515,0.62587
01/05/2020,0.62584,0.62612,0.62308,0.62358
01/05/2020,0.62358,0.62391,0.62033,0.62153
01/05/2020,0.62152,0.62165,0.61889,0.61979
01/05/2020,0.61978,0.62062,0.61595,0.61691
01/05/2020,0.61688,0.61769,0.61636,0.61687
03/05/2020,0.61611,0.61692,0.61344,0.6145
04/05/2020,0.61451,0.61716,0.61444,0.61604
04/05/2020,0.61603,0.61933,0.61501,0.61807
04/05/2020,0.61807,0.62031,0.61721,0.61804
04/05/2020,0.61805,0.6198,0.61675,0.61927
04/05/2020,0.61929,0.6213,0.61911,0.62028
04/05/2020,0.6198,0.6222,0.61967,0.62199
05/05/2020,0.622,0.62296,0.62154,0.62229
05/05/2020,0.62228,0.62407,0.62212,0.62327
05/05/2020,0.62327,0.6264,0.62307,0.62601
05/05/2020,0.626,0.62832,0.62546,0.62762
05/05/2020,0.6276,0.62794,0.62546,0.62573
05/05/2020,0.62554,0.6266,0.62432,0.62458
06/05/2020,0.62457,0.62611,0.6245,0.62584
06/05/2020,0.62588,0.6277,0.62586,0.62619
06/05/2020,0.62618,0.62806,0.62525,0.62767
06/05/2020,0.62775,0.6283,0.62452,0.6252
06/05/2020,0.62521,0.62592,0.6236,0.62433
06/05/2020,0.62406,0.62493,0.62195,0.62429
07/05/2020,0.62427,0.6264,0.62394,0.62571
07/05/2020,0.62569,0.63054,0.62523,0.62995
07/05/2020,0.62992,0.63143,0.62936,0.62964
07/05/2020,0.62964,0.6342,0.62916,0.6326
07/05/2020,0.63262,0.63325,0.63082,0.6321
07/05/2020,0.63194,0.63489,0.63152,0.63444
08/05/2020,0.63445,0.63615,0.63389,0.63512
08/05/2020,0.63513,0.63562,0.63282,0.63333
08/05/2020,0.63332,0.6345,0.63233,0.63313
08/05/2020,0.63312,0.63473,0.63231,0.63436
08/05/2020,0.63436,0.63451,0.6331,0.63378
10/05/2020,0.63418,0.63491,0.6328,0.63418
11/05/2020,0.63416,0.63652,0.63388,0.63597
11/05/2020,0.63588,0.63629,0.63292,0.63366
11/05/2020,0.63366,0.63367,0.62855,0.62921
11/05/2020,0.62922,0.63131,0.62802,0.63131
11/05/2020,0.6313,0.63205,0.63025,0.63141
11/05/2020,0.63119,0.63173,0.62688,0.62735
12/05/2020,0.62734,0.62952,0.62689,0.62924
12/05/2020,0.62923,0.63119,0.62865,0.63036
12/05/2020,0.63035,0.63331,0.63008,0.63121
12/05/2020,0.63123,0.63141,0.62897,0.63041
12/05/2020,0.63041,0.63049,0.62712,0.62736
12/05/2020,0.62703,0.62805,0.62565,0.62742
13/05/2020,0.62741,0.6281,0.62546,0.62774
13/05/2020,0.62775,0.62977,0.62732,0.62875
13/05/2020,0.62875,0.63133,0.62859,0.63054
13/05/2020,0.63055,0.63057,0.62582,0.62693
13/05/2020,0.62692,0.62792,0.62602,0.6276
13/05/2020,0.62747,0.62784,0.62647,0.62722
14/05/2020,0.62723,0.62866,0.62465,0.62563
14/05/2020,0.62565,0.62747,0.62544,0.62599
14/05/2020,0.62598,0.6277,0.62431,0.62477
14/05/2020,0.62477,0.62658,0.62388,0.62631
14/05/2020,0.6263,0.62942,0.62576,0.6288
14/05/2020,0.62873,0.63004,0.6281,0.62902
15/05/2020,0.62903,0.62955,0.62773,0.62871
15/05/2020,0.62871,0.62942,0.62755,0.62881
15/05/2020,0.62884,0.62909,0.62509,0.62559
15/05/2020,0.62558,0.62605,0.62276,0.62373
15/05/2020,0.62373,0.6243,0.62317,0.62326
17/05/2020,0.62427,0.62488,0.62289,0.62455
18/05/2020,0.62456,0.62667,0.62445,0.62576
18/05/2020,0.62576,0.62754,0.62454,0.62678
18/05/2020,0.62678,0.62979,0.62618,0.62847
18/05/2020,0.62844,0.63257,0.62821,0.63223
18/05/2020,0.63219,0.63555,0.63217,0.63351
18/05/2020,0.63369,0.63625,0.63299,0.63549
19/05/2020,0.63548,0.63565,0.63297,0.63458
19/05/2020,0.63461,0.63831,0.6332,0.63695
19/05/2020,0.63698,0.63716,0.634,0.63523
19/05/2020,0.63524,0.63864,0.63442,0.6375
19/05/2020,0.63752,0.63905,0.63442,0.63509
19/05/2020,0.63459,0.63655,0.63394,0.63564
20/05/2020,0.63566,0.6363,0.63458,0.63489
20/05/2020,0.6349,0.63525,0.63241,0.63307
20/05/2020,0.63307,0.63578,0.63271,0.63545
20/05/2020,0.63545,0.6379,0.63506,0.63596
20/05/2020,0.63602,0.63695,0.63569,0.63646
20/05/2020,0.63629,0.6366,0.63493,0.63525
21/05/2020,0.63521,0.63525,0.6327,0.63427
21/05/2020,0.63426,0.63529,0.63307,0.635
21/05/2020,0.63498,0.63815,0.63361,0.63776
21/05/2020,0.63775,0.6387,0.63574,0.63623
21/05/2020,0.63622,0.63803,0.63608,0.63707
21/05/2020,0.63691,0.63799,0.6367,0.63757
22/05/2020,0.63759,0.63793,0.63482,0.6355
22/05/2020,0.6355,0.63554,0.63225,0.63372
22/05/2020,0.63371,0.6357,0.63314,0.63317
22/05/2020,0.63319,0.63499,0.63214,0.63487
22/05/2020,0.63486,0.63564,0.63456,0.63479
24/05/2020,0.63444,0.63629,0.63419,0.63521
25/05/2020,0.6352,0.63565,0.63401,0.63535
25/05/2020,0.63535,0.63609,0.63446,0.63569
25/05/2020,0.63568,0.63604,0.6349,0.63513
25/05/2020,0.63514,0.63598,0.63489,0.63565
25/05/2020,0.63562,0.63609,0.63538,0.63572
25/05/2020,0.63596,0.6374,0.63517,0.63703
26/05/2020,0.637,0.63832,0.63652,0.63774
26/05/2020,0.63777,0.64149,0.63756,0.64117
26/05/2020,0.64115,0.64192,0.63966,0.64158
26/05/2020,0.64157,0.6443,0.64084,0.64276
26/05/2020,0.64276,0.64409,0.64161,0.64264
26/05/2020,0.64202,0.64228,0.6405,0.64139
27/05/2020,0.64139,0.64299,0.64096,0.64195
27/05/2020,0.64196,0.64609,0.64168,0.64576
27/05/2020,0.64577,0.64738,0.64218,0.64218
27/05/2020,0.64218,0.6423,0.63687,0.63887
27/05/2020,0.63886,0.64152,0.63815,0.64128
27/05/2020,0.64118,0.6419,0.64012,0.64165
28/05/2020,0.64164,0.64196,0.63822,0.63934
28/05/2020,0.63932,0.64178,0.63903,0.64043
28/05/2020,0.64044,0.64341,0.64014,0.64301
28/05/2020,0.64301,0.64465,0.64191,0.6423
28/05/2020,0.64231,0.64256,0.63925,0.63983
28/05/2020,0.63985,0.64032,0.63715,0.63908
29/05/2020,0.63909,0.6401,0.63822,0.64001
29/05/2020,0.64001,0.64153,0.63922,0.63939
29/05/2020,0.63941,0.643,0.63907,0.64158
29/05/2020,0.64157,0.64178,0.63709,0.6387
29/05/2020,0.6387,0.64174,0.63789,0.64066
31/05/2020,0.63981,0.64345,0.63901,0.64255
01/06/2020,0.64254,0.64728,0.64214,0.646
01/06/2020,0.64599,0.64981,0.64493,0.64558
01/06/2020,0.64564,0.64822,0.64523,0.64702
01/06/2020,0.64703,0.65316,0.64604,0.65201
01/06/2020,0.65205,0.65421,0.65201,0.65308
01/06/2020,0.6536,0.65463,0.6518,0.65302
02/06/2020,0.65303,0.65358,0.65137,0.65274
02/06/2020,0.65275,0.65564,0.65274,0.6556
02/06/2020,0.65558,0.66096,0.65553,0.66013
02/06/2020,0.66012,0.66258,0.65867,0.66208
02/06/2020,0.66209,0.66396,0.6619,0.66376
02/06/2020,0.66293,0.66909,0.66202,0.66864
03/06/2020,0.66866,0.67112,0.66588,0.66641
03/06/2020,0.6664,0.66765,0.66269,0.66333
03/06/2020,0.66332,0.66465,0.66135,0.66385
03/06/2020,0.66386,0.66888,0.66275,0.66728
03/06/2020,0.6673,0.66744,0.66464,0.66514
03/06/2020,0.66535,0.66652,0.66302,0.66404
04/06/2020,0.66404,0.66483,0.66261,0.66361
04/06/2020,0.6636,0.66473,0.66171,0.66278
04/06/2020,0.66279,0.66465,0.66039,0.66319
04/06/2020,0.66315,0.66806,0.66219,0.6623
04/06/2020,0.66232,0.66442,0.66202,0.66341
04/06/2020,0.66335,0.66447,0.66226,0.66251
05/06/2020,0.66252,0.66675,0.66225,0.6666
05/06/2020,0.66661,0.67115,0.66631,0.66795
05/06/2020,0.66795,0.67243,0.66721,0.67201
05/06/2020,0.67202,0.67431,0.67036,0.67077
05/06/2020,0.67076,0.67117,0.66937,0.67063
07/06/2020,0.66935,0.67318,0.669,0.67197
08/06/2020,0.67201,0.67256,0.67065,0.67107
08/06/2020,0.67108,0.67353,0.67063,0.67337
08/06/2020,0.67337,0.6735,0.67004,0.67015
08/06/2020,0.67017,0.67054,0.66631,0.66985
08/06/2020,0.66985,0.6727,0.66978,0.67223
08/06/2020,0.67231,0.67393,0.67111,0.67144
09/06/2020,0.67143,0.67156,0.66921,0.66932
09/06/2020,0.66938,0.67015,0.65934,0.66053
09/06/2020,0.66054,0.66321,0.65888,0.66085
09/06/2020,0.66081,0.66287,0.66004,0.66108
09/06/2020,0.66107,0.66231,0.66073,0.66187
09/06/2020,0.66162,0.66168,0.65935,0.66033
10/06/2020,0.66033,0.66339,0.66016,0.66243
10/06/2020,0.66242,0.66491,0.66154,0.6619
10/06/2020,0.6619,0.66426,0.66086,0.66272
10/06/2020,0.66271,0.66328,0.66069,0.66212
10/06/2020,0.66213,0.66588,0.65954,0.66044
10/06/2020,0.66042,0.66091,0.65714,0.65871
11/06/2020,0.65875,0.65972,0.65384,0.65476
11/06/2020,0.65476,0.65525,0.65099,0.65275
11/06/2020,0.65275,0.65452,0.64973,0.65018
11/06/2020,0.65019,0.65127,0.64416,0.64553
11/06/2020,0.64553,0.64737,0.64516,0.64725
11/06/2020,0.64639,0.64694,0.64288,0.64293
12/06/2020,0.64285,0.64733,0.64243,0.64643
12/06/2020,0.64642,0.65347,0.64599,0.65258
12/06/2020,0.65257,0.65393,0.64999,0.65087
12/06/2020,0.65086,0.6541,0.64922,0.65163
12/06/2020,0.65163,0.65451,0.6498,0.65399
14/06/2020,0.65178,0.65253,0.64775,0.6481
15/06/2020,0.6481,0.65141,0.64792,0.64869
15/06/2020,0.64869,0.64992,0.64574,0.64848
15/06/2020,0.64846,0.64931,0.6463,0.64814
15/06/2020,0.64815,0.6523,0.64809,0.65211
15/06/2020,0.6521,0.6569,0.65173,0.65673
15/06/2020,0.65632,0.66122,0.65581,0.65902
16/06/2020,0.65901,0.66195,0.65803,0.65983
16/06/2020,0.65987,0.66051,0.65403,0.65662
16/06/2020,0.65662,0.6592,0.65483,0.65831
16/06/2020,0.6583,0.65928,0.65044,0.65443
16/06/2020,0.65442,0.65551,0.65302,0.65524
16/06/2020,0.6546,0.65608,0.65233,0.65402
17/06/2020,0.654,0.65468,0.65187,0.65297
17/06/2020,0.65295,0.65686,0.6523,0.65609
17/06/2020,0.65609,0.65616,0.65249,0.65429
17/06/2020,0.65429,0.659,0.65351,0.65622
17/06/2020,0.65622,0.65671,0.65255,0.65296
17/06/2020,0.65261,0.65424,0.65128,0.65219
18/06/2020,0.65219,0.65346,0.64917,0.65267
18/06/2020,0.65264,0.65497,0.65123,0.65481
18/06/2020,0.65481,0.65494,0.65123,0.65156
18/06/2020,0.65155,0.65304,0.65052,0.6513
18/06/2020,0.65131,0.65216,0.65054,0.65193
18/06/2020,0.65145,0.65337,0.65089,0.65138
19/06/2020,0.65138,0.65281,0.65098,0.65178
19/06/2020,0.65178,0.65357,0.65147,0.65239
19/06/2020,0.65238,0.65599,0.65223,0.65547
19/06/2020,0.65546,0.65554,0.65023,0.65242
19/06/2020,0.65238,0.65253,0.65069,0.65086
21/06/2020,0.64783,0.65064,0.64783,0.65027
22/06/2020,0.65026,0.65393,0.65026,0.65315
22/06/2020,0.65315,0.65471,0.6519,0.65393
22/06/2020,0.65394,0.65469,0.65252,0.65398
22/06/2020,0.65396,0.65614,0.65264,0.6556
22/06/2020,0.6556,0.65579,0.65422,0.6546
22/06/2020,0.65411,0.65666,0.65372,0.65575
23/06/2020,0.65576,0.65671,0.65078,0.65455
23/06/2020,0.65457,0.65524,0.65311,0.65373
23/06/2020,0.65371,0.65848,0.65346,0.65789
23/06/2020,0.65786,0.65811,0.6557,0.65592
23/06/2020,0.65591,0.65633,0.65415,0.6548
23/06/2020,0.65421,0.65674,0.65399,0.65619
24/06/2020,0.65623,0.65736,0.65511,0.65543
24/06/2020,0.65544,0.65569,0.65234,0.65375
24/06/2020,0.65375,0.65553,0.65225,0.65518
24/06/2020,0.65518,0.65529,0.65038,0.65257
24/06/2020,0.65256,0.65263,0.65056,0.65111
24/06/2020,0.65063,0.6517,0.64971,0.65118
25/06/2020,0.65123,0.6518,0.65013,0.65135
25/06/2020,0.65135,0.65303,0.64991,0.653
25/06/2020,0.65299,0.65319,0.65125,0.65213
25/06/2020,0.65212,0.65331,0.65054,0.65186
25/06/2020,0.65189,0.65357,0.6514,0.65322
25/06/2020,0.65296,0.65381,0.65117,0.65249
26/06/2020,0.6525,0.65379,0.6523,0.65306
26/06/2020,0.65307,0.65348,0.65139,0.65222
26/06/2020,0.65221,0.65273,0.65127,0.65134
26/06/2020,0.65133,0.65156,0.64933,0.65057
26/06/2020,0.65055,0.65111,0.64986,0.65073
28/06/2020,0.64974,0.65148,0.6484,0.65144
29/06/2020,0.65143,0.65218,0.65046,0.6509
29/06/2020,0.65091,0.65263,0.64987,0.65072
29/06/2020,0.65071,0.65094,0.64898,0.64934
29/06/2020,0.64934,0.65291,0.64874,0.65257
29/06/2020,0.65258,0.65335,0.65216,0.65311
29/06/2020,0.65282,0.6541,0.65202,0.65313
30/06/2020,0.65312,0.65507,0.65312,0.65487
30/06/2020,0.65485,0.65494,0.6515,0.65186
30/06/2020,0.65189,0.65243,0.65033,0.65225
30/06/2020,0.65225,0.65414,0.65164,0.65247
30/06/2020,0.65248,0.65432,0.65225,0.65383
30/06/2020,0.65339,0.65458,0.65318,0.65454
01/07/2020,0.65455,0.65498,0.65234,0.65257
01/07/2020,0.65255,0.65491,0.65221,0.65462
01/07/2020,0.65461,0.65498,0.65237,0.65498
01/07/2020,0.65498,0.65672,0.65275,0.65419
01/07/2020,0.6542,0.65473,0.65331,0.65399
01/07/2020,0.65414,0.65452,0.65338,0.65414
02/07/2020,0.65414,0.65532,0.65331,0.65453
02/07/2020,0.65452,0.65541,0.65355,0.65361
02/07/2020,0.65365,0.65519,0.65291,0.65397
02/07/2020,0.65395,0.65584,0.65293,0.65458
02/07/2020,0.65457,0.65504,0.65403,0.65471
02/07/2020,0.65458,0.65476,0.654,0.65454
03/07/2020,0.65452,0.6554,0.65424,0.65508
03/07/2020,0.65508,0.65692,0.65488,0.65636
03/07/2020,0.65638,0.6568,0.6556,0.65652
03/07/2020,0.65653,0.65684,0.65528,0.65587
03/07/2020,0.65586,0.65649,0.65425,0.65494
05/07/2020,0.6549,0.65694,0.65413,0.65644
06/07/2020,0.65646,0.65725,0.65607,0.65638
06/07/2020,0.65639,0.65813,0.65593,0.65596
06/07/2020,0.65594,0.65637,0.6547,0.65539
06/07/2020,0.65539,0.65716,0.65471,0.65664
06/07/2020,0.65664,0.65712,0.65637,0.65695
06/07/2020,0.65677,0.65849,0.65607,0.65788
07/07/2020,0.65788,0.65811,0.65565,0.65687
07/07/2020,0.65685,0.65739,0.65373,0.65405
07/07/2020,0.65403,0.65507,0.65381,0.6549
07/07/2020,0.65489,0.65727,0.65447,0.65575
07/07/2020,0.65574,0.656,0.6539,0.6546
07/07/2020,0.65435,0.65504,0.65377,0.65401
08/07/2020,0.65401,0.65498,0.65361,0.65389
08/07/2020,0.6539,0.65435,0.65314,0.65346
08/07/2020,0.65345,0.65444,0.65283,0.65408
08/07/2020,0.65409,0.6545,0.65252,0.65392
08/07/2020,0.65393,0.65538,0.65384,0.65502
08/07/2020,0.6551,0.65581,0.65476,0.65483
09/07/2020,0.65482,0.65503,0.65367,0.65476
09/07/2020,0.65473,0.65597,0.65361,0.65539
09/07/2020,0.65538,0.65567,0.65464,0.65495
09/07/2020,0.65496,0.65589,0.65338,0.654
09/07/2020,0.654,0.65518,0.65388,0.6546
09/07/2020,0.65441,0.65511,0.65276,0.65332
10/07/2020,0.65333,0.65423,0.65308,0.65313
10/07/2020,0.65313,0.65465,0.65246,0.65383
10/07/2020,0.65384,0.65539,0.65374,0.65434
10/07/2020,0.65436,0.65538,0.65237,0.6531
10/07/2020,0.6531,0.65449,0.65293,0.65396
12/07/2020,0.6534,0.65457,0.65301,0.6537
13/07/2020,0.65369,0.65529,0.65369,0.65525
13/07/2020,0.65524,0.65632,0.65502,0.65588
13/07/2020,0.65588,0.65787,0.65558,0.6568
13/07/2020,0.65679,0.65814,0.65609,0.65645
13/07/2020,0.65647,0.65687,0.65338,0.65349
13/07/2020,0.65378,0.65416,0.65266,0.65327
14/07/2020,0.65328,0.65444,0.65298,0.65444
14/07/2020,0.65443,0.65456,0.65128,0.65239
14/07/2020,0.65238,0.65437,0.65207,0.65286
14/07/2020,0.65288,0.65453,0.6517,0.65385
14/07/2020,0.65384,0.6559,0.65366,0.65577
14/07/2020,0.65507,0.65777,0.65463,0.65751
15/07/2020,0.6575,0.6595,0.65721,0.65797
15/07/2020,0.65796,0.65843,0.65626,0.65713
15/07/2020,0.65713,0.66201,0.65705,0.66199
15/07/2020,0.66197,0.66291,0.66024,0.66091
15/07/2020,0.66092,0.6622,0.66072,0.66173
15/07/2020,0.6615,0.66214,0.66046,0.66116
16/07/2020,0.66114,0.66251,0.66007,0.66103
16/07/2020,0.66102,0.6617,0.65932,0.65981
16/07/2020,0.65981,0.66068,0.65921,0.66021
16/07/2020,0.6602,0.66175,0.65918,0.65928
16/07/2020,0.65928,0.65955,0.6582,0.65937
16/07/2020,0.65891,0.66018,0.65826,0.65995
17/07/2020,0.65999,0.66067,0.65948,0.65999
17/07/2020,0.65997,0.66047,0.65904,0.6592
17/07/2020,0.65921,0.65923,0.65621,0.65646
17/07/2020,0.65645,0.65701,0.6557,0.65674
17/07/2020,0.65673,0.65729,0.6562,0.65649
19/07/2020,0.6568,0.65728,0.65597,0.65695
20/07/2020,0.65695,0.65715,0.65565,0.6559
20/07/2020,0.65591,0.6578,0.65583,0.65722
